-- MySQL dump 10.13  Distrib 5.7.21, for macos10.13 (x86_64)
--
-- Host: localhost    Database: acs
-- ------------------------------------------------------
-- Server version	5.7.21

/*!40101 SET @OLD_CHARACTER_SET_CLIENT=@@CHARACTER_SET_CLIENT */;
/*!40101 SET @OLD_CHARACTER_SET_RESULTS=@@CHARACTER_SET_RESULTS */;
/*!40101 SET @OLD_COLLATION_CONNECTION=@@COLLATION_CONNECTION */;
/*!40101 SET NAMES utf8 */;
/*!40103 SET @OLD_TIME_ZONE=@@TIME_ZONE */;
/*!40103 SET TIME_ZONE='+00:00' */;
/*!40014 SET @OLD_UNIQUE_CHECKS=@@UNIQUE_CHECKS, UNIQUE_CHECKS=0 */;
/*!40014 SET @OLD_FOREIGN_KEY_CHECKS=@@FOREIGN_KEY_CHECKS, FOREIGN_KEY_CHECKS=0 */;
/*!40101 SET @OLD_SQL_MODE=@@SQL_MODE, SQL_MODE='NO_AUTO_VALUE_ON_ZERO' */;
/*!40111 SET @OLD_SQL_NOTES=@@SQL_NOTES, SQL_NOTES=0 */;

--
-- Table structure for table `CORRECTIVE_ACTIONS`
--

DROP TABLE IF EXISTS `CORRECTIVE_ACTIONS`;
/*!40101 SET @saved_cs_client     = @@character_set_client */;
/*!40101 SET character_set_client = utf8 */;
CREATE TABLE `CORRECTIVE_ACTIONS` (
  `id` smallint(6) NOT NULL AUTO_INCREMENT,
  `prep_type` smallint(6) NOT NULL,
  `action_text` varchar(100) DEFAULT NULL,
  PRIMARY KEY (`id`)
) ENGINE=InnoDB AUTO_INCREMENT=10 DEFAULT CHARSET=latin1;
/*!40101 SET character_set_client = @saved_cs_client */;

--
-- Dumping data for table `CORRECTIVE_ACTIONS`
--

LOCK TABLES `CORRECTIVE_ACTIONS` WRITE;
/*!40000 ALTER TABLE `CORRECTIVE_ACTIONS` DISABLE KEYS */;
INSERT INTO `CORRECTIVE_ACTIONS` VALUES (1,1,'Evacuate Blast Chiller, Hard Chill'),(2,1,'Decant Product into Shallow Metal - Continue Chilling'),(3,2,'Add more ice to ice bath'),(4,3,'Evacuate Blast Chiller, Hard Chill'),(5,3,'Decant Product into Shallow Metal - Continue Chilling'),(6,5,'Refrigerate Product'),(7,5,'Discard Product'),(8,5,'Retrain Staff'),(9,5,'Low Risk Item, QA Sign-Off');
/*!40000 ALTER TABLE `CORRECTIVE_ACTIONS` ENABLE KEYS */;
UNLOCK TABLES;

--
-- Table structure for table `MENUS`
--

DROP TABLE IF EXISTS `MENUS`;
/*!40101 SET @saved_cs_client     = @@character_set_client */;
/*!40101 SET character_set_client = utf8 */;
CREATE TABLE `MENUS` (
  `id` int(11) NOT NULL AUTO_INCREMENT,
  `start_date` datetime DEFAULT NULL,
  `end_date` datetime DEFAULT NULL,
  `description` varchar(100) DEFAULT NULL,
  `code` varchar(20) DEFAULT NULL,
  `comment` varchar(100) DEFAULT NULL,
  PRIMARY KEY (`id`)
) ENGINE=InnoDB AUTO_INCREMENT=3 DEFAULT CHARSET=latin1;
/*!40101 SET character_set_client = @saved_cs_client */;

--
-- Dumping data for table `MENUS`
--

LOCK TABLES `MENUS` WRITE;
/*!40000 ALTER TABLE `MENUS` DISABLE KEYS */;
INSERT INTO `MENUS` VALUES (1,'2018-08-10 09:22:13','2018-08-10 09:22:13','INTERNATIONAL','35A','N/A'),(2,'2018-08-03 00:00:00','2018-08-31 00:00:00','Friday','new test','Comment');
/*!40000 ALTER TABLE `MENUS` ENABLE KEYS */;
UNLOCK TABLES;

--
-- Table structure for table `MENU_ITEMS`
--

DROP TABLE IF EXISTS `MENU_ITEMS`;
/*!40101 SET @saved_cs_client     = @@character_set_client */;
/*!40101 SET character_set_client = utf8 */;
CREATE TABLE `MENU_ITEMS` (
  `id` int(11) NOT NULL AUTO_INCREMENT,
  `menu_id` int(11) NOT NULL,
  `code` varchar(20) DEFAULT NULL,
  `dish_name` varchar(100) DEFAULT NULL,
  `plating_team` int(11) DEFAULT NULL,
  PRIMARY KEY (`id`)
) ENGINE=InnoDB AUTO_INCREMENT=104 DEFAULT CHARSET=latin1;
/*!40101 SET character_set_client = @saved_cs_client */;

--
-- Dumping data for table `MENU_ITEMS`
--

LOCK TABLES `MENU_ITEMS` WRITE;
/*!40000 ALTER TABLE `MENU_ITEMS` DISABLE KEYS */;
INSERT INTO `MENU_ITEMS` VALUES (1,1,'F0601408','Duck Rillettes, Apple Beetroot Jelly',NULL),(2,1,'F4489315','Vanilla Sauce',NULL),(3,2,'F0700159','CHEESE CALENDAR ROLL & ARNOTTS BISCUIT',1),(4,2,'F0700393','CHEESE CALENDAR ROLL & ARNOTTS BISCUIT',1),(5,2,'F0300633','MARINATED OLIVES',1),(6,2,'F0402689','JAPANESE RICE PARCEL',2),(7,2,'F0400147','Scrambled Egg Mixture 400ml',NULL),(8,2,'F0400533','Organic Scrambled Egg Mixture 400ml',NULL),(9,2,'F1200988','Bread Toast Granary 2P81',NULL),(10,2,'F1201086','Bread Brioche Loaf Slice for Eggs Tstd',NULL),(11,2,'F1400205','Lemon wedges 2P72/2P76',NULL),(12,2,'F1400825','Lemon Cheeks supplied in 2P32',NULL),(13,2,'F1400740','Dressing Palm Sugar Halal 100ml 2P81',NULL),(14,2,'F1400995','Palm Sugar 400ml',NULL),(15,2,'F0402983','BIRCHER MUESLI NEIL PERRY',NULL),(16,2,'F0403237','BIRCHER MUESLI NEIL PERRY 2U846 787-900',NULL),(17,2,'F1400001','LEMON HALVED SLICED X 8 2P72',NULL),(18,2,'F0100385','VOL AUVENT CREME FRAICHE FOR CAVIAR',3),(19,2,'F0100386','KOREAN BEEF TARTARE CHIVES SESAME DRESSING',3),(20,2,'F0300637','SALAD OF BABY COS, RADICCHIO & FRISEE 100G BAG',3),(21,2,'F1401992','CORIANDER YOGHURT DUKKAH CROUTON FOR F0200634',3),(22,2,'F0303902','BAKED RIGATONI EGGPLANT RICH TOMATO SAUCE',1),(23,2,'F0303922','BAKED RIGATONI EGGPLANT RICH TOMATO SAUCE',4),(24,2,'F1401990','MARINATED ZUCCHINI SALAD FOR F0303902',NULL),(25,2,'F0303900','BURRATA ROAST PEPPER RADICCHIO SOURDOUGH',NULL),(26,2,'F0200633','ROAST CHICKEN BROTH FARRO ASPARAGUS ENOKI',NULL),(27,2,'F1401987','PUMPKIN TORTELLINI GARNISH FOR F0200633',NULL),(28,2,'F1401988','PARSLEY CHIFFONADE GARNISH FOR F0200633',NULL),(29,2,'F0303903','TUNA POKE CORIANDER SESAME DRESSING',NULL),(30,2,'F0303920','TUNA POKE CORIANDER 2U801',NULL),(31,2,'F0303921','TUNA POKE CORIANDER 2U840',NULL),(32,2,'F1401991','DRESSING SESAME AND RICE VINEGAR FOR F0303920 / F0303921',NULL),(33,2,'F0505925','BEEF MASSAMAN CURRY JASMINE RICE',2),(34,2,'F1401997','BLANCHED GAI LAN FOR F0505925',NULL),(35,2,'F1402023','CRISPY ESCHALOTS THAI BASIL FOR F0505925',NULL),(36,2,'F0601176','ROASTED EGGPLANT EGGPLANT NOODLES',NULL),(37,2,'F1401397','HOKKIEN NOODLES 90G 2P32',NULL),(38,2,'F0505923','ROAST CHICKEN CHASSEUR RISONI BEANS PEAS',2),(39,2,'F1401995','BRAISED SILVERBEET FOR F0505923',NULL),(40,2,'F0505926','RPBG LAMB RACK BEANS GREEN',NULL),(41,2,'F1401999','MAC AND CHEESE 2U846 FOR F0505926',NULL),(42,2,'F1402000','GARNISH HARISSA FOR F0505926',NULL),(43,2,'F0505924','SEAR CONE BAY BARRAMUNDI HERB POTATO BROCCOLINI',NULL),(44,2,'F0505956','SEAR CONE BAY BARRAMUNDI STEAMED HERB POTATO',NULL),(45,2,'F1402020','ALMOND SALSA FOR F0505956 F0505924',NULL),(46,2,'F1402019','LEMON CHEEK FOR F0505924',NULL),(47,2,'F1401980','BLANCHED BROCCOLINI',NULL),(48,2,'F0505922','STEAMED BLUE EYE BROTH GINGER SOY BROWN RICE',NULL),(49,2,'F0506065','SEARED FLATHEAD FILLET GINGER SOY JASMINE RICE',4),(50,2,'F1402001','BOK CHOY BLANCHED FOR F0505922 F0506065',NULL),(51,2,'F0505957','SEARED CHICKEN BREAST GINGER SOY JASMINE RICE',NULL),(52,2,'F1402008','GARNISH GINGER SHALLOT RELISH FOR F0505957',NULL),(53,2,'F1401768','GARNISH BOK CHOY 2P20 FOR F0505957',NULL),(54,2,'F0303904','SALAD ANCIENT GRAIN HERB BROCCOLINI 2U802 - QF9',NULL),(55,2,'F1402011','HARISSA DRESSING FOR CHICK ANCIENT GRAINS',NULL),(56,2,'F0600302','STEAK SANDWICH',NULL),(57,2,'F0601725','MILK BUNS WITH MUSTARD FOR SMOKED SALMON ROLL',NULL),(58,2,'F1401996','FENNEL SLAW SMOKE SALMON FOR F0601725',NULL),(59,2,'F0600873','CHICKEN SCHNITZEL',NULL),(60,2,'F1101484','CHOCOLATE OLIVE OIL CAKE COCOA CREAM RASPBERRIES',NULL),(61,2,'F1101635','BAKED VANILLA CUSTARD 2U846',NULL),(62,2,'F1101419','BAKED VANILLA CUSTARD 2U828',NULL),(63,2,'F1401277','GARNISH RHUBARB PEAR COMPOTE FLAKED ALMONDS',NULL),(64,2,'F0700386','CHEESE PLATE 2U841 QF 25',NULL),(65,2,'F0403234','BRIOCHE BACON EGG ROAST TOMATO BBQ SAUCE',NULL),(66,2,'F0403229','POACHED EGG HALOUMI KALE QUINOA SALAD',NULL),(67,2,'F1402012','DRESSING GREEN TAHINI FOR F0403229',NULL),(68,2,'F1402092','PEPITAS SUNFLOWER SESAME PISTACHIO FOR F0403229',NULL),(69,2,'F0403153','PORK SAUSAGE SPINACH BRAISED BEANS',NULL),(70,2,'F1402015','PORK SAUSAGE ROAST TOM FOR CAFƒ BREAKFAST',NULL),(71,2,'F1401608','SAUTƒED SPINACH',NULL),(72,2,'F1401609','SLOW ROAST TOMATOES',NULL),(73,2,'F1401739','GRILL BACON BLACKFOREST FOR CAFƒ BREAKFAST 2P21',NULL),(74,2,'F1401610','BRAISED BEANS',NULL),(75,2,'F1402006','HASH BROWNS FOR CAFƒ BREAKFAST',NULL),(76,2,'F0403295','CRUMPET HONEY BUTTER FOR CAFE BREAKFAST',NULL),(77,2,'F1401576','BANANA RIPE 2NO. FOR CAFƒ BREAKFAST',NULL),(78,2,'F1401574','CHOPPED HAZELNUT',NULL),(79,2,'F1401575','STRAWBERRY HALVES',NULL),(80,2,'F1401577','MAPLE SYRUP',NULL),(81,2,'F1401620','SLICED APPLE SYRUP',NULL),(82,2,'F1401573','BLUEBERRY FRESH 2P32 FOR CAFE BREAKFAST',NULL),(83,2,'F0601726','BEEF UDON NOODLE SOUP',NULL),(84,2,'F1401998','SHALLOT TOGRASHI FOR F0601726',NULL),(85,2,'F0601727','EGG WHITE FRIED RICE WITH FISH LAP CHEONG SNAKE BEANS',NULL),(86,2,'F1402002','BOK CHOY STEAMED FOR F0601727',NULL),(87,2,'F0601730','EGG WHITE FRIED RICE LAP CHEONG, SNAKE BEANS  PTA',NULL),(88,2,'F1401800','GARNISH SHALLOT ROUNDS FOR F0601730 F0601727',NULL),(89,2,'F0601661','LAMB PILAF',NULL),(90,2,'F0601752','LAMB PILAF QF43',NULL),(91,2,'F1401993','TABBOULEH FOR F0601661 F0601752',NULL),(92,2,'F1402017','LEMON YOGHURT FOR F0601661 F0601752',NULL),(93,2,'F0601785','LAMB PILAF 160g',NULL),(94,2,'F1402134','TABBOULEH FOR F0601785',NULL),(95,2,'F1401904','GARNISH LEMON YOGHURT FOR F0601785',NULL),(96,2,'F0601728','LAMB AND WHITE BEAN CASSOULET POT PIE',NULL),(97,2,'F0601751','LAMB AND WHITE BEAN CASSOULET POT PIE 2U846',NULL),(98,2,'F1402003','HERB BREADCRUMB FOR F0601728 F0601751',NULL),(99,2,'F0601519','SPINACH, RICOTTA AND ONION PASTIZZI WITH TOMATO RELISH',NULL),(100,2,'F0601805','SAUSAGE ROLL MESCLUN TOMATO RELISH',NULL),(101,2,'F0601791','CROISSANT PUDDING SALSA CORN',NULL),(102,2,'F0304025','MORTON B  Y BUG MUSHROOM LEEK H  ZELNUT B  LS',NULL),(103,2,'F1402218','GARNISH LEMON MINT FOR WELCOME WATER',NULL);
/*!40000 ALTER TABLE `MENU_ITEMS` ENABLE KEYS */;
UNLOCK TABLES;

--
-- Table structure for table `MENU_ITEM_COMPONENTS`
--

DROP TABLE IF EXISTS `MENU_ITEM_COMPONENTS`;
/*!40101 SET @saved_cs_client     = @@character_set_client */;
/*!40101 SET character_set_client = utf8 */;
CREATE TABLE `MENU_ITEM_COMPONENTS` (
  `id` int(11) NOT NULL AUTO_INCREMENT,
  `description` varchar(100) DEFAULT NULL,
  `prep_type` int(11) DEFAULT NULL,
  `probe_type` int(11) DEFAULT NULL,
  `location` varchar(10) DEFAULT NULL,
  PRIMARY KEY (`id`)
) ENGINE=InnoDB AUTO_INCREMENT=188 DEFAULT CHARSET=latin1;
/*!40101 SET character_set_client = @saved_cs_client */;

--
-- Dumping data for table `MENU_ITEM_COMPONENTS`
--

LOCK TABLES `MENU_ITEM_COMPONENTS` WRITE;
/*!40000 ALTER TABLE `MENU_ITEM_COMPONENTS` DISABLE KEYS */;
INSERT INTO `MENU_ITEM_COMPONENTS` VALUES (1,'Duck Rillettes',1,1,NULL),(2,'Apple Beetroot Jelly',1,2,NULL),(3,'Vanilla Sauce',2,0,NULL),(4,'ITEM DESCRIPTION',NULL,NULL,NULL),(5,'CHEESE CHEDDAR (BOTTEGA ROTOLO)',5,NULL,NULL),(6,'BREAD ROLL',4,1,NULL),(7,'WATERCRACKER BISCUIT (2PC.)',4,NULL,NULL),(8,'THYME AND ROSEMARY',4,NULL,NULL),(9,'JAPANESE RICE PARCEL WITH BLACK SESAME SEED, 120g ea',NULL,NULL,NULL),(10,'EA VOL AU VENT PASTRY SHELLS APPROX.3.5CM',NULL,NULL,NULL),(11,'CRéME FRAICHE',NULL,NULL,NULL),(12,'PLASTIC TEASPOONS',NULL,NULL,NULL),(13,'KOREAN BEEF TARTARE MIX',2,NULL,NULL),(14,'CHIVE BATONS',NULL,NULL,NULL),(15,'SESAME RADISH DRESSING',NULL,NULL,NULL),(16,'BABY COS LETTUCE LEAVEAS (TORN)',NULL,NULL,NULL),(17,'BABY RADICCHIO LEAVES (TORN)',NULL,NULL,NULL),(18,'FRISEE LEAVES',NULL,NULL,NULL),(19,'CORIANDER YOGHURT',NULL,NULL,NULL),(20,'DUKKAH CROUTONS 1.5CM x 1.5CM rough cut',NULL,NULL,NULL),(21,'BAKED RIGATONI(1EA = 110G)',NULL,NULL,NULL),(22,'RICH TOMATO SAUCE',1,2,NULL),(23,'RICH TOMATO SAUCE (30g/2P35)',2,NULL,NULL),(24,'MARINATED ZUCCHINI',NULL,NULL,NULL),(25,'BURRATA',NULL,NULL,NULL),(26,'ROASTED PEPPER MIX',NULL,NULL,NULL),(27,'LIGURIAN OLIVE',NULL,NULL,NULL),(28,'GRILLED SHALLOT',NULL,NULL,NULL),(29,'RADICHHIO LEAF TORN',NULL,NULL,NULL),(30,'SALAD HERB TARRAGON DILL FRISEE',NULL,NULL,NULL),(31,'CHARRED GRILLED SOURDOUGH CUT IN HALF',NULL,NULL,NULL),(32,'ROAST CHICKEN BROTH',NULL,NULL,NULL),(33,'COOKED FARRO',NULL,NULL,NULL),(34,'BLANCH ASPARAGUS (1CM SLICE, TIPS SPLIT LENGTHWAYS)',NULL,NULL,NULL),(35,'STEAMED ENOKI MUSHROOMS',NULL,NULL,NULL),(36,'PUMPKIN TORTELLINI (1 EA = 20G)',NULL,NULL,NULL),(37,'CABBAGE LEAF',NULL,NULL,NULL),(38,'PARSLEY CHIFFONADE',NULL,NULL,NULL),(39,'SEARED TUNA (10MM X 10MM CUBE)',NULL,NULL,NULL),(40,'SALAD CABBAGE DAIKON CARROT MIX',NULL,NULL,NULL),(41,'WAKAME SEAWEED SALAD',NULL,NULL,NULL),(42,'CORIANDER LEAVES',NULL,NULL,NULL),(43,'SESAME AND RICE VINEGAR DRESSING',NULL,NULL,NULL),(44,'SEARED TUNA CUBE',NULL,NULL,NULL),(45,'SALAD CABBAGE DIAKON CARROT MIX',NULL,NULL,NULL),(46,'WAKAME SEAWEED',NULL,NULL,NULL),(47,'DRESSING SESAME AND RICE VINEGAR',NULL,NULL,NULL),(48,'BEEF MASSAMAN CURRY (240G) WHICH INCLUDES:-',NULL,NULL,NULL),(49,'BEEF',NULL,NULL,NULL),(50,'POTATOES',NULL,NULL,NULL),(51,'MASSAMAN CURRY SAUCE',NULL,NULL,NULL),(52,'JASMINE RICE',NULL,NULL,NULL),(53,'BLANCHED CABBAGE LEAF',NULL,NULL,NULL),(54,'GAILAN',NULL,NULL,NULL),(55,'CRISPY ESCHALOTS',NULL,NULL,NULL),(56,'THAI BASIL',NULL,NULL,NULL),(57,'ROASTED EGGPLANT 1.5cmx 1.5xm x7cm',NULL,NULL,NULL),(58,'NOODLE SAUCE',NULL,NULL,NULL),(59,'CORIANDER FRESH PICKED',NULL,NULL,NULL),(60,'CHILLI RED JULIENNE',NULL,NULL,NULL),(61,'HOKKIEN NOODLES',NULL,NULL,NULL),(62,'BOK CHOY',NULL,NULL,NULL),(63,'ROAST CHICKEN BREAST SK/ON (1 EA = 120G CW)',NULL,NULL,NULL),(64,'CHASSEUR SAUCE',NULL,NULL,NULL),(65,'COOKED BUTTON MUSHROOMS',NULL,NULL,NULL),(66,'SLOW ROASTED CHERRY TOMATOES',NULL,NULL,NULL),(67,'TARRAGON LEAVES',NULL,NULL,NULL),(68,'RISONI AND GREEN BEAN MIX',NULL,NULL,NULL),(69,'CABBAGE LEAF BLANCHED',NULL,NULL,NULL),(70,'BRAISED SILVERBEET',NULL,NULL,NULL),(71,'LAMB RACK ROAST 2 BONES',NULL,NULL,NULL),(72,'GREEN BEANS',NULL,NULL,NULL),(73,'MAC AND CHEESE (1EA = 165G)',NULL,NULL,NULL),(74,'HARISSA PASTE',NULL,NULL,NULL),(75,'SEARED CONE BAY BARRAMUNDI FILLET - CW',NULL,NULL,NULL),(76,'STEAMED HERB CHAT POTATOES',NULL,NULL,NULL),(77,'BROCCOLINI',NULL,NULL,NULL),(78,'PARSLEY, OLIVE AND ALMOND SALSA',NULL,NULL,NULL),(79,'LEMON CHEEK',NULL,NULL,NULL),(80,'BLANCHED BROCCOLINI',NULL,NULL,NULL),(81,'STEAMED BLUE EYE CW',NULL,NULL,NULL),(82,'GINGER AND SOY BROTH',NULL,NULL,NULL),(83,'GINGER JULIENNE',NULL,NULL,NULL),(84,'SHALLOT JULIENNE',NULL,NULL,NULL),(85,'BROWN RICE',NULL,NULL,NULL),(86,'SEARED FLATHEAD FISH',NULL,NULL,NULL),(87,'STEAMED JASMINE RICE',NULL,NULL,NULL),(88,'BLANCHED BOK CHOY',NULL,NULL,NULL),(89,'SEARED GINGER AND SHALLOT CHICKEN SKIN ON, BONELESS',NULL,NULL,NULL),(90,'BLANCHED CABBAGE',NULL,NULL,NULL),(91,'GINGER AND SHALLOT RELISH',NULL,NULL,NULL),(92,'BLANCH BOK CHOY QUARTER',NULL,NULL,NULL),(93,'POACHED CHICKEN BREAST (APPROX. 5MM)',NULL,NULL,NULL),(94,'ANCIENT GRAIN, EDAMAME AND HERB SALAD',NULL,NULL,NULL),(95,'BROCOLLINI BLANCH',NULL,NULL,NULL),(96,'HARISSA DRESSING',NULL,NULL,NULL),(97,'1 X 15CM LENGTH SOURDOUGH BAGUETTE',NULL,NULL,NULL),(98,'40GM ea RW GRILL MARKED MINUTE STEAK',NULL,NULL,NULL),(99,'FRESH BABY ROCKET LEAVES',NULL,NULL,NULL),(100,'TOMATO AND CHILLI RELISH',NULL,NULL,NULL),(101,'MILK BUN 10CM CUT IN HALF FILLED WITH',NULL,NULL,NULL),(102,'MUSTARD SPREAD',NULL,NULL,NULL),(103,'SMOKED SALMON',NULL,NULL,NULL),(104,'WHITE SLAW',NULL,NULL,NULL),(105,'13CM X 8CM LENGTH SCHIACCIATA/FOCCACCIA SLICED HORIZONTALLY',NULL,NULL,NULL),(106,'17G SLICES EMMENTHAL CHEESE',NULL,NULL,NULL),(107,'CHICKEN THIGH SCHNITZEL 120G CW',NULL,NULL,NULL),(108,'SALAD COLESLAW',NULL,NULL,NULL),(109,'CHOCOLATE CAKE SLICE 10 x 4CM(APPROX. 50G/SLICE)',NULL,NULL,NULL),(110,'COCOA CRéME',NULL,NULL,NULL),(111,'CRUNCHY MIX',NULL,NULL,NULL),(112,'RASPBERRIES',NULL,NULL,NULL),(113,'BAKED VANILLA CUSTARD',NULL,NULL,NULL),(114,'HONEY PEAR AND RHUBARB MIX',NULL,NULL,NULL),(115,'HALAL ROASTED ALMOND FLAKES',NULL,NULL,NULL),(116,'SOFT CHEESE',NULL,NULL,NULL),(117,'HARD CHEESE',NULL,NULL,NULL),(118,'BLUE/GOATS CHEESE',NULL,NULL,NULL),(119,'QUINCE PASTE',NULL,NULL,NULL),(120,'MEDJOOL DATE',NULL,NULL,NULL),(121,'BUNCH RED GRAPES',NULL,NULL,NULL),(122,'BRIOCHE ROLL CUT IN HALF',NULL,NULL,NULL),(123,'SEALED BACON RASHERS',NULL,NULL,NULL),(124,'FRIED EGG',NULL,NULL,NULL),(125,'CHOPPED SLOW ROASTED TOMATOES, 2CM CHUNKS',NULL,NULL,NULL),(126,'BARBECUE SAUCE',NULL,NULL,NULL),(127,'QUINOA AND KALE MIXTURE',NULL,NULL,NULL),(128,'CABBAGE LEAVES',NULL,NULL,NULL),(129,'HALOUMI',NULL,NULL,NULL),(130,'POACHED EGG',NULL,NULL,NULL),(131,'WATER',NULL,NULL,NULL),(132,'GREEN TAHINI',NULL,NULL,NULL),(133,'SEEDS AND PISTACHIO',NULL,NULL,NULL),(134,'WHITE SESAME SEEDS',NULL,NULL,NULL),(135,'BLACK  SESAME SEEDS',NULL,NULL,NULL),(136,'PORK CHIPOLATA SAUSAGES, PAN FRIED 30g/CW',NULL,NULL,NULL),(137,'BRAISED BEANS',NULL,NULL,NULL),(138,'SAUTEED ENGLISH SPINACH',NULL,NULL,NULL),(139,'PAN FRIED PORK  SAUSAGE (30G/EA x 2)',NULL,NULL,NULL),(140,'SAUTƒED SPINACH',NULL,NULL,NULL),(141,'SLOW ROAST TOMATOES (25G/EA)',NULL,NULL,NULL),(142,'BACON SEARED RINDLESS BLACKFOREST',NULL,NULL,NULL),(143,'HASH BROWNS (40G/EA)',NULL,NULL,NULL),(144,'TOASTED CRUMPET(approx. 40g)',NULL,NULL,NULL),(145,'HONEY BUTTER DISC (10g/EA)',NULL,NULL,NULL),(146,'RIPE BANANA',NULL,NULL,NULL),(147,'CHOPPED HAZELNUT',NULL,NULL,NULL),(148,'STRWBERRY HALF CUT STEM OFF',NULL,NULL,NULL),(149,'MAPLE SYRUP',NULL,NULL,NULL),(150,'SLICED GREEN APPLES',NULL,NULL,NULL),(151,'SYRUP',NULL,NULL,NULL),(152,'Fresh Blueberries',NULL,NULL,NULL),(153,'UDON NOODLE',NULL,NULL,NULL),(154,'DASHI BROTH',NULL,NULL,NULL),(155,'SOY SEARED BEEF',NULL,NULL,NULL),(156,'SHALLOTS ROUND',NULL,NULL,NULL),(157,'SHICHIMI TOGARASHI',NULL,NULL,NULL),(158,'FRIED RICE',NULL,NULL,NULL),(159,'STIR FRY BEANS LAPCHEONG',NULL,NULL,NULL),(160,'PACKING SAUCE',NULL,NULL,NULL),(161,'LAP CHEONG AND BEANS',NULL,NULL,NULL),(162,'RICE LAMB PILAF',NULL,NULL,NULL),(163,'LAMB PILAF',NULL,NULL,NULL),(164,'TABBOULEH',NULL,NULL,NULL),(165,'LEMON YOGHURT',NULL,NULL,NULL),(166,'LAMB CW',NULL,NULL,NULL),(167,'SAUCE',NULL,NULL,NULL),(168,'WHITE BEAN CASSOULET',NULL,NULL,NULL),(169,'BREAD CRUMB PARSLEY MIXTURE',NULL,NULL,NULL),(170,'PASTIZZI (APPROX. 35G/EA)',NULL,NULL,NULL),(171,'SAUSAGE ROLL (APPROX.155G/EA)',NULL,NULL,NULL),(172,'MESCLUN LETTUCE',NULL,NULL,NULL),(173,'TOMATO RELISH',NULL,NULL,NULL),(174,'WHOLE CHERRY TOMATO',NULL,NULL,NULL),(175,'CROISSANT PUDDING (APPROX. 140g/EA)',NULL,NULL,NULL),(176,'CORN SALSA JALAPENO',NULL,NULL,NULL),(177,'POACHED MORETON BUGS',NULL,NULL,NULL),(178,'BROWN BUTTER AND BALSAMIC DRESSING',NULL,NULL,NULL),(179,'SAUTƒED MUSHROOMS AND LEEKS',NULL,NULL,NULL),(180,'PEELED ROAST CHOP HAZELNUTS',NULL,NULL,NULL),(181,'PARSNIP PUREE',NULL,NULL,NULL),(182,'FINE CHOPPED CHIVE',NULL,NULL,NULL),(183,'SALAD LEAVES WITLOF FRISEE PARSLEY CHERVIL',NULL,NULL,NULL),(184,'LEMON HALF SLICES 5MM',NULL,NULL,NULL),(185,'frog bits',5,NULL,NULL),(186,'toad legs',5,NULL,NULL),(187,'elephant',5,NULL,NULL);
/*!40000 ALTER TABLE `MENU_ITEM_COMPONENTS` ENABLE KEYS */;
UNLOCK TABLES;

--
-- Table structure for table `MENU_ITEM_LINK`
--

DROP TABLE IF EXISTS `MENU_ITEM_LINK`;
/*!40101 SET @saved_cs_client     = @@character_set_client */;
/*!40101 SET character_set_client = utf8 */;
CREATE TABLE `MENU_ITEM_LINK` (
  `id` smallint(5) unsigned NOT NULL AUTO_INCREMENT,
  `menu_id` int(11) DEFAULT NULL,
  `menu_item_id` int(11) DEFAULT NULL,
  `component_id` int(11) DEFAULT NULL,
  PRIMARY KEY (`id`)
) ENGINE=InnoDB AUTO_INCREMENT=227 DEFAULT CHARSET=latin1;
/*!40101 SET character_set_client = @saved_cs_client */;

--
-- Dumping data for table `MENU_ITEM_LINK`
--

LOCK TABLES `MENU_ITEM_LINK` WRITE;
/*!40000 ALTER TABLE `MENU_ITEM_LINK` DISABLE KEYS */;
INSERT INTO `MENU_ITEM_LINK` VALUES (1,1,1,1),(2,1,1,2),(3,1,2,3),(4,2,-1,4),(5,2,3,5),(6,2,3,6),(7,2,3,7),(8,2,4,5),(9,2,4,6),(10,2,4,7),(11,2,5,8),(12,2,6,9),(13,2,18,10),(14,2,18,11),(15,2,18,12),(16,2,19,13),(17,2,19,14),(18,2,19,15),(19,2,19,4),(20,2,20,16),(21,2,20,17),(22,2,20,18),(23,2,21,19),(24,2,21,20),(25,2,22,21),(26,2,22,22),(27,2,23,21),(28,2,23,23),(29,2,24,24),(30,2,25,25),(31,2,25,26),(32,2,25,27),(33,2,25,28),(34,2,25,29),(35,2,25,30),(36,2,25,31),(37,2,26,32),(38,2,26,33),(39,2,26,34),(40,2,26,35),(41,2,27,36),(42,2,27,37),(43,2,28,38),(44,2,29,39),(45,2,29,40),(46,2,29,41),(47,2,29,42),(48,2,29,43),(49,2,30,44),(50,2,30,45),(51,2,30,46),(52,2,31,44),(53,2,31,45),(54,2,31,46),(55,2,32,47),(56,2,33,48),(57,2,33,49),(58,2,33,50),(59,2,33,51),(60,2,33,52),(61,2,33,53),(62,2,34,54),(63,2,35,55),(64,2,35,56),(65,2,36,57),(66,2,36,58),(67,2,36,59),(68,2,36,60),(69,2,37,61),(70,2,37,62),(71,2,37,37),(72,2,38,63),(73,2,38,64),(74,2,38,65),(75,2,38,66),(76,2,38,67),(77,2,38,68),(78,2,38,69),(79,2,39,70),(80,2,39,4),(81,2,40,71),(82,2,40,72),(83,2,41,73),(84,2,42,74),(85,2,43,75),(86,2,43,76),(87,2,43,77),(88,2,44,75),(89,2,44,76),(90,2,45,78),(91,2,46,79),(92,2,47,80),(93,2,48,81),(94,2,48,82),(95,2,48,83),(96,2,48,84),(97,2,48,85),(98,2,48,53),(99,2,49,86),(100,2,49,82),(101,2,49,87),(102,2,49,53),(103,2,50,88),(104,2,51,89),(105,2,51,82),(106,2,51,52),(107,2,51,90),(108,2,52,91),(109,2,53,92),(110,2,54,93),(111,2,54,94),(112,2,54,95),(113,2,55,96),(114,2,55,4),(115,2,56,97),(116,2,56,98),(117,2,56,99),(118,2,56,100),(119,2,57,101),(120,2,57,102),(121,2,58,103),(122,2,58,104),(123,2,59,105),(124,2,59,106),(125,2,59,107),(126,2,59,108),(127,2,60,109),(128,2,60,110),(129,2,60,111),(130,2,60,112),(131,2,61,113),(132,2,62,113),(133,2,63,114),(134,2,63,115),(135,2,63,4),(136,2,64,116),(137,2,64,117),(138,2,64,118),(139,2,64,119),(140,2,64,120),(141,2,64,121),(142,2,65,122),(143,2,65,123),(144,2,65,124),(145,2,65,125),(146,2,65,126),(147,2,66,127),(148,2,66,128),(149,2,66,129),(150,2,66,130),(151,2,66,131),(152,2,67,132),(153,2,68,133),(154,2,68,134),(155,2,68,135),(156,2,69,136),(157,2,69,137),(158,2,69,138),(159,2,70,139),(160,2,71,140),(161,2,72,141),(162,2,73,142),(163,2,74,137),(164,2,75,143),(165,2,76,144),(166,2,76,145),(167,2,77,146),(168,2,78,147),(169,2,79,148),(170,2,79,4),(171,2,80,149),(172,2,81,150),(173,2,81,151),(174,2,82,152),(175,2,83,153),(176,2,83,62),(177,2,83,53),(178,2,83,154),(179,2,83,155),(180,2,84,156),(181,2,84,157),(182,2,85,158),(183,2,85,53),(184,2,85,159),(185,2,85,160),(186,2,86,62),(187,2,87,158),(188,2,87,53),(189,2,87,161),(190,2,87,160),(191,2,87,4),(192,2,88,156),(193,2,88,160),(194,2,89,162),(195,2,89,53),(196,2,90,163),(197,2,90,37),(198,2,91,164),(199,2,92,165),(200,2,93,163),(201,2,93,37),(202,2,94,164),(203,2,95,165),(204,2,96,166),(205,2,96,167),(206,2,96,168),(207,2,97,166),(208,2,97,167),(209,2,97,168),(210,2,98,169),(211,2,99,170),(212,2,99,100),(213,2,100,171),(214,2,100,172),(215,2,100,173),(216,2,100,174),(217,2,101,175),(218,2,101,176),(219,2,102,177),(220,2,102,178),(221,2,102,179),(222,2,102,180),(223,2,102,181),(224,2,102,182),(225,2,102,183),(226,2,103,184);
/*!40000 ALTER TABLE `MENU_ITEM_LINK` ENABLE KEYS */;
UNLOCK TABLES;

--
-- Table structure for table `PLATING_ITEM`
--

DROP TABLE IF EXISTS `PLATING_ITEM`;
/*!40101 SET @saved_cs_client     = @@character_set_client */;
/*!40101 SET character_set_client = utf8 */;
CREATE TABLE `PLATING_ITEM` (
  `id` smallint(5) unsigned NOT NULL AUTO_INCREMENT,
  `user_id` smallint(5) unsigned NOT NULL,
  `team_id` smallint(5) unsigned NOT NULL,
  `menu_item_id` smallint(5) unsigned NOT NULL,
  `time_started` datetime DEFAULT NULL,
  `time_completed` datetime DEFAULT NULL,
  `M1_temp` float DEFAULT NULL,
  `M2_temp` float DEFAULT NULL,
  `corrective_action_id` smallint(6) DEFAULT NULL,
  PRIMARY KEY (`id`)
) ENGINE=InnoDB AUTO_INCREMENT=28 DEFAULT CHARSET=latin1;
/*!40101 SET character_set_client = @saved_cs_client */;

--
-- Dumping data for table `PLATING_ITEM`
--

LOCK TABLES `PLATING_ITEM` WRITE;
/*!40000 ALTER TABLE `PLATING_ITEM` DISABLE KEYS */;
INSERT INTO `PLATING_ITEM` VALUES (27,1,1,3,'2018-09-04 09:55:47',NULL,NULL,NULL,NULL);
/*!40000 ALTER TABLE `PLATING_ITEM` ENABLE KEYS */;
UNLOCK TABLES;

--
-- Table structure for table `PLATING_ITEM_COMPONENT`
--

DROP TABLE IF EXISTS `PLATING_ITEM_COMPONENT`;
/*!40101 SET @saved_cs_client     = @@character_set_client */;
/*!40101 SET character_set_client = utf8 */;
CREATE TABLE `PLATING_ITEM_COMPONENT` (
  `id` smallint(5) unsigned NOT NULL AUTO_INCREMENT,
  `user_id` smallint(5) unsigned NOT NULL,
  `plating_item_id` smallint(5) unsigned NOT NULL,
  `menu_item_component_id` smallint(6) DEFAULT NULL,
  `component_id` int(11) DEFAULT NULL,
  `M1_time` datetime DEFAULT NULL,
  `time_completed` datetime DEFAULT NULL,
  `M1_temp` float DEFAULT NULL,
  PRIMARY KEY (`id`)
) ENGINE=InnoDB AUTO_INCREMENT=53 DEFAULT CHARSET=latin1;
/*!40101 SET character_set_client = @saved_cs_client */;

--
-- Dumping data for table `PLATING_ITEM_COMPONENT`
--

LOCK TABLES `PLATING_ITEM_COMPONENT` WRITE;
/*!40000 ALTER TABLE `PLATING_ITEM_COMPONENT` DISABLE KEYS */;
INSERT INTO `PLATING_ITEM_COMPONENT` VALUES (21,1,21,8,44,'2018-08-29 09:31:35',NULL,2.3),(22,1,22,5,36,'2018-08-29 12:10:01',NULL,2),(23,1,22,6,42,'2018-08-29 12:10:01',NULL,3.3),(24,1,22,7,43,'2018-08-29 12:10:01',NULL,2),(25,1,0,22,36,'2018-08-29 12:55:24',NULL,2),(26,1,0,23,42,'2018-08-29 12:55:24',NULL,3.3),(27,1,0,24,43,'2018-08-29 12:55:24',NULL,2),(28,1,23,8,44,'2018-08-30 13:47:32',NULL,2),(29,1,24,5,36,'2018-08-30 20:12:43',NULL,2.1),(30,1,24,6,33,'2018-08-30 20:12:43',NULL,4.5),(31,1,24,7,43,'2018-08-30 20:12:43',NULL,3.2),(32,1,25,5,36,'2018-08-31 09:48:15',NULL,4),(33,1,25,6,33,'2018-08-31 09:48:15',NULL,1),(34,1,25,7,43,'2018-08-31 09:48:15',NULL,3),(35,1,26,5,36,'2018-09-04 09:47:09',NULL,1.2),(36,1,26,6,37,'2018-09-04 09:47:09',NULL,3.4),(37,1,26,7,43,'2018-09-04 09:47:09',NULL,2),(38,1,0,35,36,'2018-09-04 09:48:02',NULL,1.2),(39,1,0,36,37,'2018-09-04 09:48:02',NULL,3.4),(40,1,0,37,43,'2018-09-04 09:48:02',NULL,2),(41,1,0,35,36,'2018-09-04 09:48:20',NULL,1.2),(42,1,0,36,37,'2018-09-04 09:48:20',NULL,3.4),(43,1,0,37,43,'2018-09-04 09:48:20',NULL,2),(44,1,0,35,36,'2018-09-04 09:52:18',NULL,1.2),(45,1,0,36,37,'2018-09-04 09:52:18',NULL,3.4),(46,1,0,37,43,'2018-09-04 09:52:18',NULL,2),(47,1,27,5,36,'2018-09-04 09:55:47',NULL,3),(48,1,27,6,37,'2018-09-04 09:55:47',NULL,2),(49,1,27,7,43,'2018-09-04 09:55:47',NULL,1),(50,1,0,47,36,'2018-09-04 09:57:08',NULL,3),(51,1,0,48,37,'2018-09-04 09:57:08',NULL,2),(52,1,0,49,43,'2018-09-04 09:57:08',NULL,1);
/*!40000 ALTER TABLE `PLATING_ITEM_COMPONENT` ENABLE KEYS */;
UNLOCK TABLES;

--
-- Table structure for table `PREP_TYPES`
--

DROP TABLE IF EXISTS `PREP_TYPES`;
/*!40101 SET @saved_cs_client     = @@character_set_client */;
/*!40101 SET character_set_client = utf8 */;
CREATE TABLE `PREP_TYPES` (
  `id` smallint(5) unsigned NOT NULL,
  `code` varchar(4) NOT NULL,
  `days_offset` int(11) DEFAULT NULL,
  `M1_temp` int(11) DEFAULT NULL,
  `M1_temp_above` tinyint(4) DEFAULT NULL,
  `M2_time_minutes` int(11) DEFAULT NULL,
  `M2_alarm_min` int(11) DEFAULT NULL,
  `M2_temp` int(11) DEFAULT NULL,
  `M2_temp_above` tinyint(4) DEFAULT NULL,
  `M3_time_minutes` int(11) DEFAULT NULL,
  `M3_alarm_min` int(11) DEFAULT NULL,
  `M3_temp` int(11) DEFAULT NULL,
  `M3_temp_above` tinyint(4) DEFAULT NULL,
  `shelf_life_days` int(11) DEFAULT NULL,
  `probe_type` int(11) DEFAULT NULL,
  PRIMARY KEY (`id`)
) ENGINE=InnoDB DEFAULT CHARSET=latin1;
/*!40101 SET character_set_client = @saved_cs_client */;

--
-- Dumping data for table `PREP_TYPES`
--

LOCK TABLES `PREP_TYPES` WRITE;
/*!40000 ALTER TABLE `PREP_TYPES` DISABLE KEYS */;
INSERT INTO `PREP_TYPES` VALUES (1,'CC',3,75,1,120,20,21,0,360,60,5,0,3,0),(2,'HF',21,80,1,120,20,21,0,360,60,5,0,28,0),(3,'ESL',21,75,1,120,20,21,0,360,60,5,0,90,0),(4,'LR',3,NULL,1,NULL,0,0,0,NULL,NULL,NULL,0,3,0),(5,'AHR',3,5,0,45,20,15,0,NULL,NULL,NULL,0,3,0);
/*!40000 ALTER TABLE `PREP_TYPES` ENABLE KEYS */;
UNLOCK TABLES;

--
-- Table structure for table `USERS`
--

DROP TABLE IF EXISTS `USERS`;
/*!40101 SET @saved_cs_client     = @@character_set_client */;
/*!40101 SET character_set_client = utf8 */;
CREATE TABLE `USERS` (
  `id` smallint(5) unsigned NOT NULL AUTO_INCREMENT,
  `email` varchar(50) NOT NULL,
  `password` varchar(50) NOT NULL,
  `firstname` varchar(20) NOT NULL,
  `lastname` varchar(20) NOT NULL,
  `function` varchar(20) DEFAULT NULL,
  `admin` int(11) DEFAULT NULL,
  `last_login` datetime DEFAULT NULL,
  PRIMARY KEY (`id`)
) ENGINE=InnoDB AUTO_INCREMENT=13 DEFAULT CHARSET=latin1;
/*!40101 SET character_set_client = @saved_cs_client */;

--
-- Dumping data for table `USERS`
--

LOCK TABLES `USERS` WRITE;
/*!40000 ALTER TABLE `USERS` DISABLE KEYS */;
INSERT INTO `USERS` VALUES (1,'col','acs','Colin','Atkinson','admin',1,'2018-09-26 09:46:21'),(2,'david','acs','David','Cox','admin',1,'2018-09-25 13:31:44'),(3,'chef1@gmail.com','acs','Chef','One','chef',0,NULL),(4,'chef2@gmail.com','acs','Chef','Two','chef',0,NULL),(5,'chef3@gmail.com','acs','Bob the','Chef','chef',0,'2018-09-05 15:07:03'),(6,'chef4@gmail.com','acs','Chef','Four','chef',0,NULL),(7,'chef5@gmail.com','acs','Chef','Five','chef',0,NULL),(8,'chef6@gmail.com','acs','Chef','Six','chef',0,NULL),(9,'chef7@gmail.com','acs','Chef','Seven','chef',0,NULL),(10,'chef8@gmail.com','acs','Chef','Eight','chef',0,NULL),(11,'chef9@gmail.com','acs','Chef','Nine','chef',0,NULL),(12,'chef10@gmail.com','acs','Chef','10','chef',0,NULL);
/*!40000 ALTER TABLE `USERS` ENABLE KEYS */;
UNLOCK TABLES;

--
-- Table structure for table `component`
--

DROP TABLE IF EXISTS `component`;
/*!40101 SET @saved_cs_client     = @@character_set_client */;
/*!40101 SET character_set_client = utf8 */;
CREATE TABLE `component` (
  `id` smallint(5) unsigned NOT NULL AUTO_INCREMENT,
  `description` varchar(50) DEFAULT NULL,
  `prep_type_id` int(11) DEFAULT NULL,
  `M1_check_id` int(11) DEFAULT NULL,
  `M1_temp` int(11) DEFAULT NULL,
  `M1_time` datetime DEFAULT NULL,
  `M1_chef_id` int(11) DEFAULT NULL,
  `M1_action_code` int(11) DEFAULT NULL,
  `M2_check_id` int(11) DEFAULT NULL,
  `M2_temp` int(11) DEFAULT NULL,
  `M2_time` datetime DEFAULT NULL,
  `M2_chef_id` int(11) DEFAULT NULL,
  `M2_action_code` int(11) DEFAULT NULL,
  `M3_check_id` int(11) DEFAULT NULL,
  `M3_temp` int(11) DEFAULT NULL,
  `M3_time` datetime DEFAULT NULL,
  `M3_chef_id` int(11) DEFAULT NULL,
  `M3_action_code` int(11) DEFAULT NULL,
  `finished` datetime DEFAULT NULL,
  `shelf_life_days` int(11) DEFAULT NULL,
  `expiry_date` datetime DEFAULT NULL,
  PRIMARY KEY (`id`)
) ENGINE=InnoDB AUTO_INCREMENT=53 DEFAULT CHARSET=latin1;
/*!40101 SET character_set_client = @saved_cs_client */;

--
-- Dumping data for table `component`
--

LOCK TABLES `component` WRITE;
/*!40000 ALTER TABLE `component` DISABLE KEYS */;
INSERT INTO `component` VALUES (27,'KOREAN BEEF TARTARE MIX',2,1,82,'2018-08-22 15:45:44',1,NULL,1,14,'2018-08-24 10:10:24',0,NULL,1,2,'2018-09-04 09:11:20',0,NULL,'2018-09-04 09:11:20',28,'2018-08-26 11:51:38'),(28,'BREAD ROLL',4,1,NULL,'2018-08-22 17:48:32',1,NULL,NULL,NULL,NULL,NULL,NULL,NULL,NULL,NULL,NULL,NULL,'2018-08-22 17:48:32',6,'2018-08-26 11:51:38'),(29,'RICH TOMATO SAUCE',1,1,77,'2018-08-22 17:51:58',1,NULL,1,2,'2018-08-28 13:31:26',0,NULL,1,2,'2018-09-04 09:11:29',0,NULL,'2018-09-04 09:11:29',6,'2018-08-26 11:51:38'),(30,'RICH TOMATO SAUCE',1,1,79,'2018-08-22 17:53:33',1,NULL,1,15,'2018-08-28 11:31:05',0,NULL,1,2,'2018-08-28 11:55:51',0,NULL,'2018-08-28 11:55:51',6,'2018-09-04 20:08:45'),(31,'SEARED FLATHEAD FISH',1,1,77,'2018-08-22 18:59:06',1,NULL,1,6,'2018-08-22 18:59:19',0,NULL,1,2,'2018-08-22 18:59:36',0,NULL,'2018-08-22 18:59:36',6,'2018-09-04 20:08:45'),(32,'BREAD ROLL',4,1,NULL,'2018-08-24 12:01:47',1,NULL,NULL,NULL,NULL,NULL,NULL,NULL,NULL,NULL,NULL,NULL,'2018-08-24 12:01:47',6,'2018-09-04 20:08:45'),(33,'BREAD ROLL',4,1,NULL,'2018-08-24 12:03:49',1,NULL,NULL,NULL,NULL,NULL,NULL,NULL,NULL,NULL,NULL,NULL,'2018-08-24 12:03:49',6,'2018-09-04 20:08:45'),(34,'BREAD ROLL',4,1,NULL,'2018-08-24 12:04:30',1,NULL,NULL,NULL,NULL,NULL,NULL,NULL,NULL,NULL,NULL,NULL,'2018-08-24 12:04:30',6,'2018-09-04 20:08:45'),(35,'BREAD ROLL',4,1,NULL,'2018-08-24 12:06:57',1,NULL,NULL,NULL,NULL,NULL,NULL,NULL,NULL,NULL,NULL,NULL,'2018-08-24 12:06:57',6,'2018-09-04 20:08:45'),(36,'CHEESE CHEDDAR (BOTTEGA ROTOLO)',5,1,2,'2018-08-24 12:17:22',1,NULL,1,10,'2018-08-24 12:18:14',0,NULL,NULL,NULL,NULL,NULL,NULL,'2018-08-24 12:18:14',6,'2018-09-04 20:08:45'),(37,'BREAD ROLL',4,1,NULL,'2018-08-24 12:19:41',1,NULL,NULL,NULL,NULL,NULL,NULL,NULL,NULL,NULL,NULL,NULL,'2018-08-24 12:19:41',6,'2018-09-04 20:08:45'),(38,'BREAD ROLL',4,1,NULL,'2018-08-24 12:25:22',1,NULL,NULL,NULL,NULL,NULL,NULL,NULL,NULL,NULL,NULL,NULL,'2018-08-24 12:25:22',6,'2018-09-04 20:08:45'),(39,'BREAD ROLL',4,1,NULL,'2018-08-24 12:27:05',1,NULL,NULL,NULL,NULL,NULL,NULL,NULL,NULL,NULL,NULL,NULL,'2018-08-24 12:27:05',6,'2018-09-04 20:08:45'),(40,'BREAD ROLL',4,1,NULL,'2018-08-24 12:27:39',1,NULL,NULL,NULL,NULL,NULL,NULL,NULL,NULL,NULL,NULL,NULL,'2018-08-24 12:27:39',6,'2018-09-04 20:08:45'),(41,'BREAD ROLL',4,1,NULL,'2018-08-24 13:22:24',1,NULL,NULL,NULL,NULL,NULL,NULL,NULL,NULL,NULL,NULL,NULL,'2018-08-24 13:22:24',6,'2018-09-04 20:08:45'),(42,'BREAD ROLL',4,1,NULL,'2018-08-24 13:47:34',1,NULL,NULL,NULL,NULL,NULL,NULL,NULL,NULL,NULL,NULL,NULL,'2018-08-24 13:47:34',6,'2018-09-04 20:08:45'),(43,'WATERCRACKER BISCUIT (2PC.)',4,1,NULL,'2018-08-24 15:17:03',1,NULL,NULL,NULL,NULL,NULL,NULL,NULL,NULL,NULL,NULL,NULL,'2018-08-24 15:17:03',6,'2018-09-04 20:08:45'),(44,'THYME AND ROSEMARY',4,1,NULL,'2018-08-26 17:17:50',1,NULL,NULL,NULL,NULL,NULL,NULL,NULL,NULL,NULL,NULL,NULL,'2018-08-26 17:17:50',6,'2018-09-01 17:17:50'),(45,'RICH TOMATO SAUCE',1,1,77,'2018-08-30 12:52:10',1,NULL,1,5,'2018-08-30 12:52:25',0,NULL,1,2,'2018-09-04 09:11:36',0,NULL,'2018-09-04 09:11:36',6,'2018-09-05 12:52:10'),(46,'RICH TOMATO SAUCE',1,1,77,'2018-08-31 09:35:12',1,NULL,1,15,'2018-08-31 09:36:33',0,NULL,1,5,'2018-08-31 09:37:22',0,NULL,'2018-08-31 09:37:22',6,'2018-09-06 09:35:12'),(47,'RICH TOMATO SAUCE',1,1,77,'2018-09-04 10:52:02',1,NULL,1,12,'2018-09-19 17:54:06',0,NULL,NULL,NULL,NULL,NULL,NULL,NULL,6,'2018-09-10 10:52:02'),(48,'SEARED FLATHEAD FISH',1,1,77,'2018-09-05 10:38:11',1,NULL,NULL,NULL,NULL,NULL,NULL,NULL,NULL,NULL,NULL,NULL,NULL,6,'2018-09-11 10:38:11'),(49,'SEARED FLATHEAD FISH',1,2,88,'2018-09-06 10:18:58',1,NULL,NULL,NULL,NULL,NULL,NULL,NULL,NULL,NULL,NULL,NULL,NULL,6,'2018-09-12 10:18:58'),(50,'RICH TOMATO SAUCE',1,1,77,'2018-09-07 11:47:53',1,NULL,NULL,NULL,NULL,NULL,NULL,NULL,NULL,NULL,NULL,NULL,NULL,6,'2018-09-13 11:47:53'),(51,'KOREAN BEEF TARTARE MIX',2,2,88,'2018-09-07 12:07:33',1,NULL,NULL,NULL,NULL,NULL,NULL,NULL,NULL,NULL,NULL,NULL,NULL,28,'2018-10-05 12:07:33'),(52,'SLOW ROASTED CHERRY TOMATOES',1,1,75,'2018-09-17 11:41:39',1,NULL,NULL,NULL,NULL,NULL,NULL,NULL,NULL,NULL,NULL,NULL,NULL,6,'2018-09-23 11:41:39');
/*!40000 ALTER TABLE `component` ENABLE KEYS */;
UNLOCK TABLES;

--
-- Table structure for table `plating_team_member`
--

DROP TABLE IF EXISTS `plating_team_member`;
/*!40101 SET @saved_cs_client     = @@character_set_client */;
/*!40101 SET character_set_client = utf8 */;
CREATE TABLE `plating_team_member` (
  `id` smallint(5) unsigned NOT NULL AUTO_INCREMENT,
  `user_id` smallint(5) unsigned NOT NULL,
  `team_id` smallint(5) unsigned NOT NULL,
  `time_added` datetime DEFAULT NULL,
  `time_removed` datetime DEFAULT NULL,
  PRIMARY KEY (`id`)
) ENGINE=InnoDB AUTO_INCREMENT=38 DEFAULT CHARSET=latin1;
/*!40101 SET character_set_client = @saved_cs_client */;

--
-- Dumping data for table `plating_team_member`
--

LOCK TABLES `plating_team_member` WRITE;
/*!40000 ALTER TABLE `plating_team_member` DISABLE KEYS */;
INSERT INTO `plating_team_member` VALUES (1,1,1,'2018-08-10 14:01:47',NULL),(2,1,2,'2018-08-10 14:47:44',NULL),(3,2,2,'2018-08-10 14:47:44',NULL),(4,1,1,'2018-08-13 12:36:16',NULL),(5,2,1,'2018-08-13 12:36:16',NULL),(6,1,2,'2018-08-13 12:36:33',NULL),(7,4,1,'2018-08-20 10:28:30',NULL),(8,8,1,'2018-08-20 10:28:30',NULL),(9,3,2,'2018-08-21 14:53:49',NULL),(10,2,2,'2018-08-21 14:53:49',NULL),(11,1,2,'2018-08-21 14:53:49',NULL),(12,2,1,'2018-08-21 16:03:00',NULL),(13,6,1,'2018-08-22 09:38:24',NULL),(14,7,1,'2018-08-22 09:38:24',NULL),(15,2,1,'2018-08-24 11:20:56',NULL),(16,1,1,'2018-08-24 11:20:56',NULL),(17,1,1,'2018-08-26 17:18:05',NULL),(18,1,1,'2018-08-27 09:43:05',NULL),(19,1,1,'2018-08-28 17:36:19',NULL),(20,1,1,'2018-08-29 09:16:12',NULL),(21,1,1,'2018-08-30 20:11:37',NULL),(22,1,1,'2018-08-31 09:46:15',NULL),(23,4,1,'2018-08-31 09:46:15',NULL),(24,1,1,'2018-09-04 09:46:23',NULL),(25,5,4,'2018-09-04 11:33:05',NULL),(26,1,1,'2018-09-07 17:43:24',NULL),(27,1,1,'2018-09-08 21:03:01',NULL),(28,1,1,'2018-09-11 15:25:17',NULL),(29,1,1,'2018-09-17 11:47:24',NULL),(30,4,1,'2018-09-17 11:50:36',NULL),(31,8,1,'2018-09-17 11:50:36',NULL),(32,1,1,'2018-09-25 11:26:50',NULL),(33,1,1,'2018-09-26 11:10:24',NULL),(34,5,1,'2018-09-26 11:29:11',NULL),(35,1,1,'2018-09-27 21:24:16',NULL),(36,6,1,'2018-09-27 21:27:59',NULL),(37,1,2,'2018-09-27 21:40:02',NULL);
/*!40000 ALTER TABLE `plating_team_member` ENABLE KEYS */;
UNLOCK TABLES;
/*!40103 SET TIME_ZONE=@OLD_TIME_ZONE */;

/*!40101 SET SQL_MODE=@OLD_SQL_MODE */;
/*!40014 SET FOREIGN_KEY_CHECKS=@OLD_FOREIGN_KEY_CHECKS */;
/*!40014 SET UNIQUE_CHECKS=@OLD_UNIQUE_CHECKS */;
/*!40101 SET CHARACTER_SET_CLIENT=@OLD_CHARACTER_SET_CLIENT */;
/*!40101 SET CHARACTER_SET_RESULTS=@OLD_CHARACTER_SET_RESULTS */;
/*!40101 SET COLLATION_CONNECTION=@OLD_COLLATION_CONNECTION */;
/*!40111 SET SQL_NOTES=@OLD_SQL_NOTES */;

-- Dump completed on 2018-10-01  8:40:36
